<?xml version="1.0" encoding="UTF-8"?>
<!DOCTYPE hibernate-mapping PUBLIC 
    "-//Hibernate/Hibernate Mapping DTD 3.0//EN"
    "http://hibernate.sourceforge.net/hibernate-mapping-3.0.dtd">
<hibernate-mapping>
  <class name="com.cts.banking.entities.Customer" table="Customer">
	   <id name="customerId" type="int" column="Customer_ID" >
	   <generator class="identity"/>
	  </id>
      
	  <property name="name">
		 <column name="Customer_Name" />
	  </property>
	  <property name="DOB">
		 <column name="Date_of_Birth" />
	  </property>
	  
	<property name="address">
		 <column name="Address" />
	  </property>
   </class>  

</hibernate-mapping>